idol_slug,idol_name,image_id,public_id,cloudinary_url,source_url,sfw,name
hana_haruna,Hana Haruna,1,hana_haruna-01,"https://res.cloudinary.com/dxtzqrhns/image/upload/f_auto,q_auto/hana_haruna-01",https://image.tmdb.org/t/p/original/1N9MTXqmclTwvk1np6GEmweqNHW.jpg,true,โปรไฟล์อย่างเป็นทางการ – TMDb
hana_haruna,Hana Haruna,2,hana_haruna-02,"https://res.cloudinary.com/dxtzqrhns/image/upload/f_auto,q_auto/hana_haruna-02",https://stat.ameba.jp/user_images/20180719/20/juso-pearl-thirteen/83/d9/j/o0700049414232019160.jpg,true,ร่วมงานอีเวนต์ – Ameba Blog
hana_haruna,Hana Haruna,3,hana_haruna-03,"https://res.cloudinary.com/dxtzqrhns/image/upload/f_auto,q_auto/hana_haruna-03",https://www.generasia.com/w/images/7/7d/haruna_hana.jpg,true,โปรไฟล์จาก Generasia
hana_haruna,Hana Haruna,4,hana_haruna-04,"https://res.cloudinary.com/dxtzqrhns/image/upload/f_auto,q_auto/hana_haruna-04",https://static-cache.camp-fire.jp/uploads/project_version/image/717442/064204ae-1385-4c45-bae0-0803167bd784.jpg?fit=max,true,โปรเจกต์ CAMPFIRE
hana_haruna,Hana Haruna,5,hana_haruna-05,"https://res.cloudinary.com/dxtzqrhns/image/upload/f_auto,q_auto/hana_haruna-05",https://contents.oricon.co.jp/upimg/news/20100315/74316_201003150964817001268648607b.jpg,true,สัมภาษณ์กับ Oricon (2010)
hana_haruna,Hana Haruna,6,hana_haruna-06,"https://res.cloudinary.com/dxtzqrhns/image/upload/f_auto,q_auto/hana_haruna-06",https://contents.oricon.co.jp/upimg/news/20100315/74316_201003150006772001268648608c.jpg,true,ภาพจากอีเวนต์โดย Oricon News
hana_haruna,Hana Haruna,7,hana_haruna-07,"https://res.cloudinary.com/dxtzqrhns/image/upload/f_auto,q_auto/hana_haruna-07",https://lifetalesgallery.com/wp-content/uploads/2024/12/2-27-1024x576.png,true,แฟนมีตติ้ง – LifeTalesGallery
hana_haruna,Hana Haruna,8,hana_haruna-08,"https://res.cloudinary.com/dxtzqrhns/image/upload/f_auto,q_auto/hana_haruna-08",https://pbs.twimg.com/media/GzolFzcaIAEYjCW?format=jpg&name=large,true,โพสต์จาก X – @harunahanadream (A)
hana_haruna,Hana Haruna,9,hana_haruna-09,"https://res.cloudinary.com/dxtzqrhns/image/upload/f_auto,q_auto/hana_haruna-09",https://pbs.twimg.com/media/Gwf3nVhbAAA9qkj?format=jpg&name=large,true,โพสต์จาก X – @harunahanadream (B)
hana_haruna,Hana Haruna,10,hana_haruna-10,"https://res.cloudinary.com/dxtzqrhns/image/upload/f_auto,q_auto/hana_haruna-10",https://pbs.twimg.com/media/Gy_1XkoboAMoj98?format=jpg&name=large,true,โพสต์จาก X – @harunahanadream (C)
hana_haruna,Hana Haruna,11,hana_haruna-11,"https://res.cloudinary.com/dxtzqrhns/image/upload/f_auto,q_auto/hana_haruna-11",https://j.uuu.cam/fanza/hana-haruna/juy00184/hana-haruna-1.jpg,true,ภาพพอร์ตเทรตระยะใกล้ในร่ม
hana_haruna,Hana Haruna,12,hana_haruna-12,"https://res.cloudinary.com/dxtzqrhns/image/upload/f_auto,q_auto/hana_haruna-12",https://encrypted-tbn0.gstatic.com/images?q=tbn:ANd9GcQ0lmjMRwPPM5HjGVll36WSK6BB2Y_JH5au-NpQDtoLMMyNTSSUE9r6NqgN&s=10,true,ภาพกลางแจ้งโทนสว่าง
hana_haruna,Hana Haruna,13,hana_haruna-13,"https://res.cloudinary.com/dxtzqrhns/image/upload/f_auto,q_auto/hana_haruna-13",https://pics.dmm.co.jp/digital/video/jul00402/jul00402jp-7.jpg,true,ภาพโปรโมทโทนอบอุ่น
hana_haruna,Hana Haruna,14,hana_haruna-14,"https://res.cloudinary.com/dxtzqrhns/image/upload/f_auto,q_auto/hana_haruna-14",https://j.uuu.cam/fanza/hana-haruna/ure00039/hana-haruna-2.jpg,true,ภาพจากสตูดิโอสไตล์คลาสสิก
hana_haruna,Hana Haruna,15,hana_haruna-15,"https://res.cloudinary.com/dxtzqrhns/image/upload/f_auto,q_auto/hana_haruna-15",https://j.uuu.cam/fanza/hana-haruna/nkkd00207/hana-haruna-13.jpg,true,ภาพพอร์ตเทรตแนวจริงจัง
hana_haruna,Hana Haruna,16,hana_haruna-16,"https://res.cloudinary.com/dxtzqrhns/image/upload/f_auto,q_auto/hana_haruna-16",https://j.uuu.cam/fanza/hana-haruna/nkkd00207/hana-haruna-9.jpg,true,ภาพครึ่งตัวในสตูดิโอ
hana_haruna,Hana Haruna,17,hana_haruna-17,"https://res.cloudinary.com/dxtzqrhns/image/upload/f_auto,q_auto/hana_haruna-17",https://j.uuu.cam/fanza/hana-haruna-akari-niimura/cemd00116/hana-haruna-akari-niimura-13.jpg,true,ภาพคู่โปรไฟล์จากโปรเจกต์ร่วม
hana_haruna,Hana Haruna,18,hana_haruna-18,"https://res.cloudinary.com/dxtzqrhns/image/upload/f_auto,q_auto/hana_haruna-18",https://pics.dmm.co.jp/digital/video/soe00514/soe00514jp-5.jpg,true,ภาพโปรโมทโทนสดใส
hana_haruna,Hana Haruna,19,hana_haruna-19,"https://res.cloudinary.com/dxtzqrhns/image/upload/f_auto,q_auto/hana_haruna-19",https://j.uuu.cam/fanza/hana-haruna/ure00039/hana-haruna-9.jpg,true,ภาพพอร์ตเทรตในร่ม – โทนอบอุ่น
hana_haruna,Hana Haruna,20,hana_haruna-20,"https://res.cloudinary.com/dxtzqrhns/image/upload/f_auto,q_auto/hana_haruna-20",https://wh.cdntrex.com/contents/videos_screenshots/260000/260199/preview.mp4.jpg,true,ภาพตัวอย่างจากวิดีโอโปรโมต (SFW Frame)
julia,JULIA,1,julia-01,"https://res.cloudinary.com/dxtzqrhns/image/upload/f_auto,q_auto/julia-01",https://pbs.twimg.com/media/G5d46wZbMAAMdsB?format=jpg&name=orig,true,โปรไฟล์ Ensemble 2 – X Post 1A
julia,JULIA,2,julia-02,"https://res.cloudinary.com/dxtzqrhns/image/upload/f_auto,q_auto/julia-02",https://pbs.twimg.com/media/G5d46wbbcAAd-Qo?format=jpg&name=orig,true,โปรไฟล์ Ensemble 2 – X Post 1B
julia,JULIA,3,julia-03,"https://res.cloudinary.com/dxtzqrhns/image/upload/f_auto,q_auto/julia-03",https://pbs.twimg.com/media/G4fmB4SbcAAtbB-?format=jpg&name=orig,true,โปรโมทสินค้า – X Post 2
julia,JULIA,4,julia-04,"https://res.cloudinary.com/dxtzqrhns/image/upload/f_auto,q_auto/julia-04",https://pbs.twimg.com/media/G3wJ9Z2WIAAfJ9S?format=jpg&name=orig,true,Gran Kicona Osaka – X Post 3A
julia,JULIA,5,julia-05,"https://res.cloudinary.com/dxtzqrhns/image/upload/f_auto,q_auto/julia-05",https://pbs.twimg.com/media/G3wJ9Z2XEAAnyA6?format=jpg&name=orig,true,Gran Kicona Osaka – X Post 3B
julia,JULIA,6,julia-06,"https://res.cloudinary.com/dxtzqrhns/image/upload/f_auto,q_auto/julia-06",https://pbs.twimg.com/media/G3wJ9Z2WkAA4Np7?format=jpg&name=orig,true,Gran Kicona Osaka – X Post 3C
julia,JULIA,7,julia-07,"https://res.cloudinary.com/dxtzqrhns/image/upload/f_auto,q_auto/julia-07",https://pbs.twimg.com/media/G3wJ9ZyXgAAXp2H?format=jpg&name=orig,true,Gran Kicona Osaka – X Post 3D
julia,JULIA,8,julia-08,"https://res.cloudinary.com/dxtzqrhns/image/upload/f_auto,q_auto/julia-08",https://pbs.twimg.com/media/G3wInrLWgAEveu5?format=jpg&name=orig,true,Trend Bookstore – X Post 4A
julia,JULIA,9,julia-09,"https://res.cloudinary.com/dxtzqrhns/image/upload/f_auto,q_auto/julia-09",https://pbs.twimg.com/media/G3wInnYWEAA7GpZ?format=jpg&name=orig,true,Trend Bookstore – X Post 4B
julia,JULIA,10,julia-10,"https://res.cloudinary.com/dxtzqrhns/image/upload/f_auto,q_auto/julia-10",https://pbs.twimg.com/media/G3wInrZWEAAPtvX?format=jpg&name=orig,true,Trend Bookstore – X Post 4C
julia,JULIA,11,julia-11,"https://res.cloudinary.com/dxtzqrhns/image/upload/f_auto,q_auto/julia-11",https://j.jjj.cam/jav/japanese/julia/51/julia-3.jpg,true,ภาพโปรไฟล์โทนอบอุ่น – Portrait 11
julia,JULIA,12,julia-12,"https://res.cloudinary.com/dxtzqrhns/image/upload/f_auto,q_auto/julia-12",https://gachinuke.com/wp-content/uploads/2024/03/waaa00254jp-12.jpg,true,ภาพโปรโมทสตูดิโอ – Studio Still 12
julia,JULIA,13,julia-13,"https://res.cloudinary.com/dxtzqrhns/image/upload/f_auto,q_auto/julia-13",https://warashi-asian-pornstars.fr/WAPdB-img/pornostars-f-galeries/26000/26407/large/wapdb-julia-pornostar-asiatique.warashi-asian-pornstars.fr-26407-002.jpg,true,ภาพพอร์ตเทรตในสตูดิโอ – Portrait 13
julia,JULIA,14,julia-14,"https://res.cloudinary.com/dxtzqrhns/image/upload/f_auto,q_auto/julia-14",https://warashi-asian-pornstars.fr/WAPdB-img/pornostars-f-galeries/49000/49757/large/wapdb-julia-pornostar-asiatique.warashi-asian-pornstars.fr-49757-009.jpg,true,ภาพแฟชั่นโทนขาว – Studio Fashion 14
julia,JULIA,15,julia-15,"https://res.cloudinary.com/dxtzqrhns/image/upload/f_auto,q_auto/julia-15",https://awsimgsrc.dmm.co.jp/pics_dig/digital/video/beb00020/beb00020jp-3.jpg,true,ภาพโปรโมทสินค้าภายในสตูดิโอ – Promo Still 15
julia,JULIA,16,julia-16,"https://res.cloudinary.com/dxtzqrhns/image/upload/f_auto,q_auto/julia-16",https://awsimgsrc.dmm.co.jp/pics_dig/digital/video/beb00020/beb00020jp-5.jpg,true,ภาพโปรโมทแนวพอร์ตเทรต – Promo Portrait 16
julia,JULIA,17,julia-17,"https://res.cloudinary.com/dxtzqrhns/image/upload/f_auto,q_auto/julia-17",https://livedoor.blogimg.jp/psychedelicpuppet/imgs/b/2/b29635df.jpg?21e2404b,true,ภาพนิตยสาร – Magazine Cut 17
julia,JULIA,18,julia-18,"https://res.cloudinary.com/dxtzqrhns/image/upload/f_auto,q_auto/julia-18",https://awsimgsrc.dmm.co.jp/pics_dig/digital/video/pppd00361/pppd00361jp-2.jpg,true,ภาพโปรโมทสตูดิโอ – Studio Still 18
julia,JULIA,19,julia-19,"https://res.cloudinary.com/dxtzqrhns/image/upload/f_auto,q_auto/julia-19",https://awsimgsrc.dmm.co.jp/pics_dig/digital/video/hmn00693/hmn00693jp-11.jpg,true,ภาพโปรไฟล์โทนเข้ม – Portrait 19
julia,JULIA,20,julia-20,"https://res.cloudinary.com/dxtzqrhns/image/upload/f_auto,q_auto/julia-20",https://blog-imgs-107.fc2.com/e/r/o/erog/JULIA_av_20200613_040s.jpg,true,ภาพแฟชั่นจากบล็อก – Blog Still 20
natsume_iroha,Natsume Iroha,1,natsume_iroha-01,"https://res.cloudinary.com/dxtzqrhns/image/upload/f_auto,q_auto/natsume_iroha-01",https://encrypted-tbn0.gstatic.com/images?q=tbn:ANd9GcS0os36ITcGlbByfQE4WL_F8dbw0mDzFTvBc19c7BOGKOO848GF7MCxZmE&s=10,true,ภาพพอร์ตเทรตโปรไฟล์ (SFW)
natsume_iroha,Natsume Iroha,2,natsume_iroha-02,"https://res.cloudinary.com/dxtzqrhns/image/upload/f_auto,q_auto/natsume_iroha-02",https://pbs.twimg.com/media/G4k-ihraYAAi2a0?format=jpg&name=orig,true,โปรโมท ATID-647 – New Release (X Post)
natsume_iroha,Natsume Iroha,3,natsume_iroha-03,"https://res.cloudinary.com/dxtzqrhns/image/upload/f_auto,q_auto/natsume_iroha-03",https://encrypted-tbn0.gstatic.com/images?q=tbn:ANd9GcT5wVRKDq0bqsuxacUHYFzJUA1vxu0W2QNRTAzR7yVbOIy8Eg_zNpjtRiE&s=10,true,ภาพแฟชั่นแนวหวานเรียบง่าย
natsume_iroha,Natsume Iroha,4,natsume_iroha-04,"https://res.cloudinary.com/dxtzqrhns/image/upload/f_auto,q_auto/natsume_iroha-04",https://pbs.twimg.com/media/G2QIloTbQAAjkw2?format=jpg&name=orig,true,โปรโมท RBD-932 – 50% OFF (X Post)
natsume_iroha,Natsume Iroha,5,natsume_iroha-05,"https://res.cloudinary.com/dxtzqrhns/image/upload/f_auto,q_auto/natsume_iroha-05",https://pbs.twimg.com/media/G2P774xb0AA2SGI?format=jpg&name=orig,true,โปรโมท ATKD-385 – Autumn Compilation (X Post)
natsume_iroha,Natsume Iroha,6,natsume_iroha-06,"https://res.cloudinary.com/dxtzqrhns/image/upload/f_auto,q_auto/natsume_iroha-06",https://pbs.twimg.com/media/G2P6q6DbgAEoZuC?format=jpg&name=orig,true,โปรโมท ADN-472 – Autumn Campaign (X Post)
natsume_iroha,Natsume Iroha,7,natsume_iroha-07,"https://res.cloudinary.com/dxtzqrhns/image/upload/f_auto,q_auto/natsume_iroha-07",https://j.uuu.cam/fanza/iroha-natsume/shkd00736/iroha-natsume-12.jpg,true,ชุดเดรสชมพูในสตูดิโอ
natsume_iroha,Natsume Iroha,8,natsume_iroha-08,"https://res.cloudinary.com/dxtzqrhns/image/upload/f_auto,q_auto/natsume_iroha-08",https://pbs.twimg.com/media/G2QA7VJbEAAb5qj?format=jpg&name=orig,true,โปรโมท ADN-286 – 50% OFF (X Post)
natsume_iroha,Natsume Iroha,9,natsume_iroha-09,"https://res.cloudinary.com/dxtzqrhns/image/upload/f_auto,q_auto/natsume_iroha-09",https://pbs.twimg.com/media/G2QA3CFbQAAOS4n?format=jpg&name=orig,true,โปรโมท ADN-131 – 50% OFF (X Post)
natsume_iroha,Natsume Iroha,10,natsume_iroha-10,"https://res.cloudinary.com/dxtzqrhns/image/upload/f_auto,q_auto/natsume_iroha-10",https://j.uuu.cam/fanza/iroha-natsume/adn00143/iroha-natsume-12.jpg,true,เซลฟี่ใบหน้าเต็มเฟรม (SFW)
natsume_iroha,Natsume Iroha,11,natsume_iroha-11,"https://res.cloudinary.com/dxtzqrhns/image/upload/f_auto,q_auto/natsume_iroha-11",https://encrypted-tbn0.gstatic.com/images?q=tbn:ANd9GcSb_bus3NKMH9xwGAmDl3FQNfbfsKA1UzX4XfKbLFFGKg&s=10,true,ภาพพอร์ตเทรตกลางแจ้งโทนอบอุ่น
natsume_iroha,Natsume Iroha,12,natsume_iroha-12,"https://res.cloudinary.com/dxtzqrhns/image/upload/f_auto,q_auto/natsume_iroha-12",https://j.uuu.cam/fanza/iroha-natsume/rbd00932/iroha-natsume-5.jpg,true,ภาพสตูดิโอโทนเรียบง่าย ใบหน้าชัดเจน
natsume_iroha,Natsume Iroha,13,natsume_iroha-13,"https://res.cloudinary.com/dxtzqrhns/image/upload/f_auto,q_auto/natsume_iroha-13",https://j.uuu.cam/fanza/iroha-natsume/adn00212/iroha-natsume-2.jpg,true,ภาพแฟชั่นในร่ม – โทนอบอุ่น
natsume_iroha,Natsume Iroha,14,natsume_iroha-14,"https://res.cloudinary.com/dxtzqrhns/image/upload/f_auto,q_auto/natsume_iroha-14",https://j.uuu.cam/fanza/iroha-natsume/adn00387/iroha-natsume-7.jpg,true,ภาพสตูดิโอโปรไฟล์ – โทนขาวคลีน
natsume_iroha,Natsume Iroha,15,natsume_iroha-15,"https://res.cloudinary.com/dxtzqrhns/image/upload/f_auto,q_auto/natsume_iroha-15",https://j.uuu.cam/fanza/iroha-natsume/adn00116/iroha-natsume-1.jpg,true,ภาพพอร์ตเทรตแนวใกล้ชิด (Close-up)
natsume_iroha,Natsume Iroha,16,natsume_iroha-16,"https://res.cloudinary.com/dxtzqrhns/image/upload/f_auto,q_auto/natsume_iroha-16",https://encrypted-tbn0.gstatic.com/images?q=tbn:ANd9GcQZXZOmOHewIadmrZ3FG6k7taBdx5xnlbOMcOlK-3hF-zV2cSPziq9EEsk&s=10,true,ภาพใส่ชุดโทนเข้มในมุมสบาย ๆ
natsume_iroha,Natsume Iroha,17,natsume_iroha-17,"https://res.cloudinary.com/dxtzqrhns/image/upload/f_auto,q_auto/natsume_iroha-17",https://cdn-1.ggjav.com/media/preview/265861_5.jpg,true,ภาพโปรไฟล์ครึ่งตัวในสตูดิโอ
natsume_iroha,Natsume Iroha,18,natsume_iroha-18,"https://res.cloudinary.com/dxtzqrhns/image/upload/f_auto,q_auto/natsume_iroha-18",https://pics.dmm.co.jp/digital/video/adn00556/adn00556jp-6.jpg,true,ภาพแฟชั่นโทนอบอุ่น เห็นใบหน้าชัด
natsume_iroha,Natsume Iroha,19,natsume_iroha-19,"https://res.cloudinary.com/dxtzqrhns/image/upload/f_auto,q_auto/natsume_iroha-19",https://j.uuu.cam/fanza/iroha-natsume/adn00372/iroha-natsume-2.jpg,true,ภาพพอร์ตเทรตในร่ม – โทนนุ่มนวล
natsume_iroha,Natsume Iroha,20,natsume_iroha-20,"https://res.cloudinary.com/dxtzqrhns/image/upload/f_auto,q_auto/natsume_iroha-20",https://j.uuu.cam/fanza/iroha-natsume/adn00299/iroha-natsume-4.jpg,true,ภาพสตูดิโอท่าทางสบาย ๆ
rei_kamiki,Rei Kamiki,1,rei_kamiki-01,"https://res.cloudinary.com/dxtzqrhns/image/upload/f_auto,q_auto/rei_kamiki-01",https://pbs.twimg.com/media/G5YP-YPbgAAif2f?format=jpg&name=orig,true,โปรโมท写真集 – X Post 1
rei_kamiki,Rei Kamiki,2,rei_kamiki-02,"https://res.cloudinary.com/dxtzqrhns/image/upload/f_auto,q_auto/rei_kamiki-02",https://pbs.twimg.com/media/G5TqJqOa8AAn1aS?format=jpg&name=orig,true,อีเวนต์写真集 – X Post 2A
rei_kamiki,Rei Kamiki,3,rei_kamiki-03,"https://res.cloudinary.com/dxtzqrhns/image/upload/f_auto,q_auto/rei_kamiki-03",https://pbs.twimg.com/media/G5TqJqNbwAAETT9?format=jpg&name=orig,true,อีเวนต์写真集 – X Post 2B
rei_kamiki,Rei Kamiki,4,rei_kamiki-04,"https://res.cloudinary.com/dxtzqrhns/image/upload/f_auto,q_auto/rei_kamiki-04",https://pbs.twimg.com/media/G5L6hYnbYAA93DI?format=jpg&name=orig,true,Oharei Morning Post – X Post 3
rei_kamiki,Rei Kamiki,5,rei_kamiki-05,"https://res.cloudinary.com/dxtzqrhns/image/upload/f_auto,q_auto/rei_kamiki-05",https://pbs.twimg.com/media/G48XsBzbcAAtH7v?format=jpg&name=orig,true,โปรโมทผลงาน START-443 – X Post 4
rei_kamiki,Rei Kamiki,6,rei_kamiki-06,"https://res.cloudinary.com/dxtzqrhns/image/upload/f_auto,q_auto/rei_kamiki-06",https://pbs.twimg.com/media/G43OGgkbcAAX1xg?format=jpg&name=orig,true,Oharei – Blue Greeting Post – X Post 5
rei_kamiki,Rei Kamiki,7,rei_kamiki-07,"https://res.cloudinary.com/dxtzqrhns/image/upload/f_auto,q_auto/rei_kamiki-07",https://pbs.twimg.com/media/G4sz82ZbYAAZoOr?format=jpg&name=orig,true,Oharei – Morning Greeting – X Post 6
rei_kamiki,Rei Kamiki,8,rei_kamiki-08,"https://res.cloudinary.com/dxtzqrhns/image/upload/f_auto,q_auto/rei_kamiki-08",https://pbs.twimg.com/media/G4qXEbnbcAAaCJR?format=jpg&name=orig,true,อีเวนต์ฮัลโลวีน – X Post 7A
rei_kamiki,Rei Kamiki,9,rei_kamiki-09,"https://res.cloudinary.com/dxtzqrhns/image/upload/f_auto,q_auto/rei_kamiki-09",https://pbs.twimg.com/media/G4qXEbLaQAAeoXZ?format=jpg&name=orig,true,อีเวนต์ฮัลโลวีน – X Post 7B
rei_kamiki,Rei Kamiki,10,rei_kamiki-10,"https://res.cloudinary.com/dxtzqrhns/image/upload/f_auto,q_auto/rei_kamiki-10",https://pics.dmm.co.jp/digital/video/1start070/1start070jp-2.jpg,true,โปรโมทสตูดิโอ – Studio Still 10
rei_kamiki,Rei Kamiki,11,rei_kamiki-11,"https://res.cloudinary.com/dxtzqrhns/image/upload/f_auto,q_auto/rei_kamiki-11",https://pics.dmm.co.jp/digital/video/1start436/1start436jp-10.jpg,true,ภาพพอร์ตเทรต – Portrait 11
rei_kamiki,Rei Kamiki,12,rei_kamiki-12,"https://res.cloudinary.com/dxtzqrhns/image/upload/f_auto,q_auto/rei_kamiki-12",https://pics.javhd.today/videos/tmb/000/218/649/1.jpg,true,ภาพโปรไฟล์กลางแจ้ง – Outdoor Profile 12
rei_kamiki,Rei Kamiki,13,rei_kamiki-13,"https://res.cloudinary.com/dxtzqrhns/image/upload/f_auto,q_auto/rei_kamiki-13",https://cdn-1.ggjav.com/media/preview/229822_4.jpg,true,ภาพแฟชั่นในสตูดิโอ – Studio Fashion 13
rei_kamiki,Rei Kamiki,14,rei_kamiki-14,"https://res.cloudinary.com/dxtzqrhns/image/upload/f_auto,q_auto/rei_kamiki-14",https://pics.dmm.co.jp/digital/video/1stars00818/1stars00818jp-13.jpg,true,ภาพโปรโมทสินค้า – Promo Still 14
rei_kamiki,Rei Kamiki,15,rei_kamiki-15,"https://res.cloudinary.com/dxtzqrhns/image/upload/f_auto,q_auto/rei_kamiki-15",https://pics.dmm.co.jp/digital/video/1stars866/1stars866jp-7.jpg,true,ภาพพอร์ตเทรตโทนอบอุ่น – Portrait 15
rei_kamiki,Rei Kamiki,16,rei_kamiki-16,"https://res.cloudinary.com/dxtzqrhns/image/upload/f_auto,q_auto/rei_kamiki-16",https://pics.dmm.co.jp/digital/video/1stars923/1stars923jp-6.jpg,true,ภาพแฟชั่นในสตูดิโอ – Studio Look 16
rei_kamiki,Rei Kamiki,17,rei_kamiki-17,"https://res.cloudinary.com/dxtzqrhns/image/upload/f_auto,q_auto/rei_kamiki-17",https://imggen.eporner.com/11803422/3840/2160/2.jpg,true,ภาพความละเอียดสูง – Portrait 17
rei_kamiki,Rei Kamiki,18,rei_kamiki-18,"https://res.cloudinary.com/dxtzqrhns/image/upload/f_auto,q_auto/rei_kamiki-18",https://en.avjoy.me/media/avjoytmb/tmb/32144/default.jpg,true,ภาพโปรไฟล์ – Profile Still 18
rei_kamiki,Rei Kamiki,19,rei_kamiki-19,"https://res.cloudinary.com/dxtzqrhns/image/upload/f_auto,q_auto/rei_kamiki-19",https://imggen.eporner.com/14590099/3840/2160/10.jpg,true,ภาพพอร์ตเทรตโทนเข้ม – Dark Portrait 19
rei_kamiki,Rei Kamiki,20,rei_kamiki-20,"https://res.cloudinary.com/dxtzqrhns/image/upload/f_auto,q_auto/rei_kamiki-20",https://pstictic.com/contents/videos_screenshots/298000/298512/preview.mp4.jpg,true,ภาพโปรไฟล์ – Profile Still 20
anri_okita,Anri Okita,1,anri_okita-01,"https://res.cloudinary.com/dxtzqrhns/image/upload/f_auto,q_auto/anri_okita-01",https://pbs.twimg.com/media/GoyxV7DaEAA4BA1?format=jpg&name=medium,true,โพสต์ลำลองในห้อง – X Post 1
anri_okita,Anri Okita,2,anri_okita-02,"https://res.cloudinary.com/dxtzqrhns/image/upload/f_auto,q_auto/anri_okita-02",https://pbs.twimg.com/media/G4japlUbAAAPgyA?format=jpg&name=orig,true,ฮัลโลวีนโปรโมท – Trick or Treat
anri_okita,Anri Okita,3,anri_okita-03,"https://res.cloudinary.com/dxtzqrhns/image/upload/f_auto,q_auto/anri_okita-03",https://pbs.twimg.com/media/G4jYiJsa8AEuRcl?format=jpg&name=orig,true,ฮัลโลวีน – Happy Halloween
anri_okita,Anri Okita,4,anri_okita-04,"https://res.cloudinary.com/dxtzqrhns/image/upload/f_auto,q_auto/anri_okita-04",https://pbs.twimg.com/media/G4TpQ8FbkAAnRq1?format=jpg&name=orig,true,วันเกิด – Birthday Post
anri_okita,Anri Okita,5,anri_okita-05,"https://res.cloudinary.com/dxtzqrhns/image/upload/f_auto,q_auto/anri_okita-05",https://pbs.twimg.com/media/G3lJsZbWAAA9WQa?format=jpg&name=orig,true,โปรโมท OnlyFans – Exclusive Sets
anri_okita,Anri Okita,6,anri_okita-06,"https://res.cloudinary.com/dxtzqrhns/image/upload/f_auto,q_auto/anri_okita-06",https://pbs.twimg.com/media/G3IFEYcbwAAj6ip?format=jpg&name=orig,true,อัปเดต Fantia – Gravure Update
anri_okita,Anri Okita,7,anri_okita-07,"https://res.cloudinary.com/dxtzqrhns/image/upload/f_auto,q_auto/anri_okita-07",https://pbs.twimg.com/media/G2aThzobEAApIlJ?format=jpg&name=orig,true,โปรโมท OnlyFans สีแดง – Red Theme
anri_okita,Anri Okita,8,anri_okita-08,"https://res.cloudinary.com/dxtzqrhns/image/upload/f_auto,q_auto/anri_okita-08",https://pbs.twimg.com/media/G2UXF70bMAE0k0r?format=jpg&name=orig,true,ปาร์ตี้วันเกิดล่วงหน้า – Early Birthday
anri_okita,Anri Okita,9,anri_okita-09,"https://res.cloudinary.com/dxtzqrhns/image/upload/f_auto,q_auto/anri_okita-09",https://pbs.twimg.com/media/G11D2h7bAAAuTcJ?format=jpg&name=orig,true,อัปเดต Fantia – Happy Package
anri_okita,Anri Okita,10,anri_okita-10,"https://res.cloudinary.com/dxtzqrhns/image/upload/f_auto,q_auto/anri_okita-10",https://pbs.twimg.com/media/G1b0n-0bUAAoFWq?format=jpg&name=orig,true,โปรโมท OnlyFans สีเขียว – Green Queen
anri_okita,Anri Okita,11,anri_okita-11,"https://res.cloudinary.com/dxtzqrhns/image/upload/f_auto,q_auto/anri_okita-11",https://shop.asia-idol.com/cdn/shop/files/MIDE-233_cover_f_620x.jpg?v=1702810827,true,ปกผลงาน MIDE-233 – Asia Idol Shop
anri_okita,Anri Okita,12,anri_okita-12,"https://res.cloudinary.com/dxtzqrhns/image/upload/f_auto,q_auto/anri_okita-12",https://j.uuu.cam/fanza/anri-okita/bbi00214/hd-anri-okita-5.jpg,true,กราเวียร์สตูดิโอ – Portrait 12
anri_okita,Anri Okita,13,anri_okita-13,"https://res.cloudinary.com/dxtzqrhns/image/upload/f_auto,q_auto/anri_okita-13",https://encrypted-tbn0.gstatic.com/images?q=tbn:ANd9GcR-bITRqcWV4RKvFjfgW_1YBwAdCAQHoN5s8tfEYuuIYgCd5P41xtY3veQ&s=10,true,ภาพโปรไฟล์จากเสิร์ช – Search Portrait 13
anri_okita,Anri Okita,14,anri_okita-14,"https://res.cloudinary.com/dxtzqrhns/image/upload/f_auto,q_auto/anri_okita-14",https://cdn-1.ggjav.com/media/preview/121164_2.jpg,true,พรีวิวสตูดิโอ – Studio Preview 14
anri_okita,Anri Okita,15,anri_okita-15,"https://res.cloudinary.com/dxtzqrhns/image/upload/f_auto,q_auto/anri_okita-15",https://encrypted-tbn0.gstatic.com/images?q=tbn:ANd9GcT9i1VMpBYbjprNCGtwp0QfdkoVM1C1oOmqAWHV4SC_4L_94tC831o6C7m4&s=10,true,ภาพแฟชั่นแนวสุภาพ – Fashion Portrait 15
anri_okita,Anri Okita,16,anri_okita-16,"https://res.cloudinary.com/dxtzqrhns/image/upload/f_auto,q_auto/anri_okita-16",https://naked.metlica.club/uploads/posts/2025-01/09/17364417318178.jpg,true,ภาพจากกองถ่าย – On-Set Still 16
anri_okita,Anri Okita,17,anri_okita-17,"https://res.cloudinary.com/dxtzqrhns/image/upload/f_auto,q_auto/anri_okita-17",https://encrypted-tbn0.gstatic.com/images?q=tbn:ANd9GcSKYSGfy0fydMRSiDZJzqnwWsQTgqE-8agCcdyvLjYvjvTBQ5rVWxmpRFU7&s=10,true,ภาพโปรไฟล์ความละเอียดสูง – High-Res Portrait 17
anri_okita,Anri Okita,18,anri_okita-18,"https://res.cloudinary.com/dxtzqrhns/image/upload/f_auto,q_auto/anri_okita-18",https://u.jjj.cam/movie/avtits/anri.okita/video1151/5.jpg,true,สแนปช็อตจากวิดีโอ – Video Still 18
anri_okita,Anri Okita,19,anri_okita-19,"https://res.cloudinary.com/dxtzqrhns/image/upload/f_auto,q_auto/anri_okita-19",https://encrypted-tbn0.gstatic.com/images?q=tbn:ANd9GcSkeJi3cNSB8AWqaX-1wltInSd3KRT0ajFApFTln8HHeaBhoQo4MG8T00E&s=10,true,ภาพแฟชั่นกลางแจ้ง – Outdoor Fashion 19
anri_okita,Anri Okita,20,anri_okita-20,"https://res.cloudinary.com/dxtzqrhns/image/upload/f_auto,q_auto/anri_okita-20",https://encrypted-tbn0.gstatic.com/images?q=tbn:ANd9GcS9dq1dPLsd3ZWJ3d3sFATT7swgIpDJZ2SREEE82hc71hE2SsHBPBARwVA&s=10,true,ภาพพอร์ตเทรตโทนอ่อน – Portrait 20
rara_anzai,Rara Anzai,1,rara_anzai-01,"https://res.cloudinary.com/dxtzqrhns/image/upload/f_auto,q_auto/rara_anzai-01",https://image.tmdb.org/t/p/original/Tc4TXMT2HnldvrV7en5vVHp5ee.jpg,true,ภาพพอร์ตเทรตโปรไฟล์ (SFW)
rara_anzai,Rara Anzai,2,rara_anzai-02,"https://res.cloudinary.com/dxtzqrhns/image/upload/f_auto,q_auto/rara_anzai-02",https://image.tmdb.org/t/p/original/eSrsgODcdzj45ylaaaRNspagpW.jpg,true,ภาพพอร์ตเทรตโทนสุภาพ
rara_anzai,Rara Anzai,3,rara_anzai-03,"https://res.cloudinary.com/dxtzqrhns/image/upload/f_auto,q_auto/rara_anzai-03",https://image.tmdb.org/t/p/original/8mLoet8hIxPLaRfn1yf96gNZlyX.jpg,true,ภาพแฟชั่นแนวเรียบง่าย
rara_anzai,Rara Anzai,4,rara_anzai-04,"https://res.cloudinary.com/dxtzqrhns/image/upload/f_auto,q_auto/rara_anzai-04",https://image.tmdb.org/t/p/original/alNtdOp41m0csxpKVXgIo381uNv.jpg,true,ภาพแฟชั่นโทนจริงจัง
rara_anzai,Rara Anzai,5,rara_anzai-05,"https://res.cloudinary.com/dxtzqrhns/image/upload/f_auto,q_auto/rara_anzai-05",https://iv1.lisimg.com/image/21468527/740full-shion-utsunomiya.jpg,true,ภาพพอร์ตเทรตระยะกลาง
rara_anzai,Rara Anzai,6,rara_anzai-06,"https://res.cloudinary.com/dxtzqrhns/image/upload/f_auto,q_auto/rara_anzai-06",https://iv1.lisimg.com/image/8462802/300full-shion-utsunomiya.jpg,true,ภาพโปรไฟล์มองกล้อง
rara_anzai,Rara Anzai,7,rara_anzai-07,"https://res.cloudinary.com/dxtzqrhns/image/upload/f_auto,q_auto/rara_anzai-07",https://ilarge.lisimg.com/image/21272585/1118full-shion-utsunomiya.jpg,true,ภาพแฟชั่นกึ่งใกล้ใบหน้า
rara_anzai,Rara Anzai,8,rara_anzai-08,"https://res.cloudinary.com/dxtzqrhns/image/upload/f_auto,q_auto/rara_anzai-08",https://iv1.lisimg.com/image/14825798/395full-shion-utsunomiya.jpg,true,ภาพยิ้มมองกล้องเป็นกันเอง
rara_anzai,Rara Anzai,9,rara_anzai-09,"https://res.cloudinary.com/dxtzqrhns/image/upload/f_auto,q_auto/rara_anzai-09",https://iv1.lisimg.com/image/17253641/740full-shion-utsunomiya.jpg,true,ภาพแฟชั่นลุคผู้ใหญ่สุภาพ
rara_anzai,Rara Anzai,10,rara_anzai-10,"https://res.cloudinary.com/dxtzqrhns/image/upload/f_auto,q_auto/rara_anzai-10",https://pbs.twimg.com/media/G2kaiciaoAAnU4Q?format=jpg&name=orig,true,ภาพโปรโมทจาก X (SFW)
rara_anzai,Rara Anzai,11,rara_anzai-11,"https://res.cloudinary.com/dxtzqrhns/image/upload/f_auto,q_auto/rara_anzai-11",https://encrypted-tbn0.gstatic.com/images?q=tbn:ANd9GcQnCV334geny6ifiNOX7wSROj-qDskiD5PUKansTrEI8Lg-uwPJ0uku_CXI&s=10,true,พอร์ตเทรตสตูดิโอ 11A
rara_anzai,Rara Anzai,12,rara_anzai-12,"https://res.cloudinary.com/dxtzqrhns/image/upload/f_auto,q_auto/rara_anzai-12",https://pics.dmm.co.jp/digital/video/ssni00671/ssni00671jp-2.jpg,true,ภาพโปรไฟล์ลุคจริงจัง 12A
rara_anzai,Rara Anzai,13,rara_anzai-13,"https://res.cloudinary.com/dxtzqrhns/image/upload/f_auto,q_auto/rara_anzai-13",https://pics.dmm.co.jp/digital/video/ssni00700/ssni00700jp-4.jpg,true,ภาพแฟชั่นลุคสุภาพ 13A
rara_anzai,Rara Anzai,14,rara_anzai-14,"https://res.cloudinary.com/dxtzqrhns/image/upload/f_auto,q_auto/rara_anzai-14",https://pics.dmm.co.jp/digital/video/ssni00727/ssni00727jp-7.jpg,true,ภาพสตูดิโอโทนอุ่น 14A
rara_anzai,Rara Anzai,15,rara_anzai-15,"https://res.cloudinary.com/dxtzqrhns/image/upload/f_auto,q_auto/rara_anzai-15",https://pics.dmm.co.jp/digital/video/ssis00124/ssis00124jp-6.jpg,true,ภาพโปรโมทแนวแฟชั่น 15A
rara_anzai,Rara Anzai,16,rara_anzai-16,"https://res.cloudinary.com/dxtzqrhns/image/upload/f_auto,q_auto/rara_anzai-16",https://encrypted-tbn0.gstatic.com/images?q=tbn:ANd9GcT9S9Pqobaj7WcUrkfRBZab5i4EmkxkcUWftj5Lw0aeY3HukkUwsd6Kyus&s=10,true,พอร์ตเทรตโทนมืออาชีพ 16A
rara_anzai,Rara Anzai,17,rara_anzai-17,"https://res.cloudinary.com/dxtzqrhns/image/upload/f_auto,q_auto/rara_anzai-17",https://encrypted-tbn0.gstatic.com/images?q=tbn:ANd9GcQnPyMwrwqnZK_4xKjeaDsLYSxwC6M998M75LWDAPJxE-A0yGZ1JEuIcLc&s=10,true,สตูดิโอโปรไฟล์ลุคสดใส 17A
rara_anzai,Rara Anzai,18,rara_anzai-18,"https://res.cloudinary.com/dxtzqrhns/image/upload/f_auto,q_auto/rara_anzai-18",https://livedoor.blogimg.jp/j36s8-kyooxrya/imgs/6/f/6fdb1d3a.jpg,true,ภาพแฟชั่นโมเดิร์น 18A
rara_anzai,Rara Anzai,19,rara_anzai-19,"https://res.cloudinary.com/dxtzqrhns/image/upload/f_auto,q_auto/rara_anzai-19",https://pics.dmm.co.jp/digital/video/ssis00172/ssis00172jp-9.jpg,true,ภาพพอร์ตเทรตโทนนุ่มนวล 19A
rara_anzai,Rara Anzai,20,rara_anzai-20,"https://res.cloudinary.com/dxtzqrhns/image/upload/f_auto,q_auto/rara_anzai-20",https://encrypted-tbn0.gstatic.com/images?q=tbn:ANd9GcQYndM2yUmVSp4YAex9iiqdKUcFSqhVJagy0RmAiUkI35eYT_RBeVc6O6M&s=10,true,ภาพโปรไฟล์โทนครึกครื้น 20A
yumi_kazama,Yumi Kazama,1,yumi_kazama-01,"https://res.cloudinary.com/dxtzqrhns/image/upload/f_auto,q_auto/yumi_kazama-01",https://pbs.twimg.com/media/G5JF6XgbcAAJGvN.jpg,true,ภาพพอร์ตเทรตโปรไฟล์ (SFW)
yumi_kazama,Yumi Kazama,2,yumi_kazama-02,"https://res.cloudinary.com/dxtzqrhns/image/upload/f_auto,q_auto/yumi_kazama-02",https://pbs.twimg.com/media/G3mlF20XsAA5wW7.jpg,true,ภาพพอร์ตเทรตโทนสุภาพ
yumi_kazama,Yumi Kazama,3,yumi_kazama-03,"https://res.cloudinary.com/dxtzqrhns/image/upload/f_auto,q_auto/yumi_kazama-03",https://image.xb1.com/backdrops/427887171.jpg,true,พอร์ตเทรตทักทายแฟน ๆ (SFW)
yumi_kazama,Yumi Kazama,4,yumi_kazama-04,"https://res.cloudinary.com/dxtzqrhns/image/upload/f_auto,q_auto/yumi_kazama-04",https://image.xb1.com/backdrops/397489976.jpg,true,เซลฟีธีมฮัลโลวีนลุคน่ารัก (SFW)
yumi_kazama,Yumi Kazama,5,yumi_kazama-05,"https://res.cloudinary.com/dxtzqrhns/image/upload/f_auto,q_auto/yumi_kazama-05",https://pbs.twimg.com/media/G3L69sObUAAKf-d.jpg,true,ภาพพอร์ตเทรตระยะกลาง
yumi_kazama,Yumi Kazama,6,yumi_kazama-06,"https://res.cloudinary.com/dxtzqrhns/image/upload/f_auto,q_auto/yumi_kazama-06",https://pbs.twimg.com/media/G2fV5-dbIAA04Lx.jpg,true,ภาพโปรไฟล์มองกล้อง
yumi_kazama,Yumi Kazama,7,yumi_kazama-07,"https://res.cloudinary.com/dxtzqrhns/image/upload/f_auto,q_auto/yumi_kazama-07",https://pbs.twimg.com/media/G2be9L1aIAAljqY.jpg,true,ภาพแฟชั่นกึ่งใกล้ใบหน้า
yumi_kazama,Yumi Kazama,8,yumi_kazama-08,"https://res.cloudinary.com/dxtzqrhns/image/upload/f_auto,q_auto/yumi_kazama-08",https://pbs.twimg.com/media/G2WMAN9bcAEnomS.jpg,true,ภาพยิ้มมองกล้องเป็นกันเอง
yumi_kazama,Yumi Kazama,9,yumi_kazama-09,"https://res.cloudinary.com/dxtzqrhns/image/upload/f_auto,q_auto/yumi_kazama-09",https://image.xb1.com/backdrops/996ddf74-439b-4c3b-98ac-15e4e76664d0.jpg,true,ยืนพิงเสาในโทนอ่อนโยน (SFW)
yumi_kazama,Yumi Kazama,10,yumi_kazama-10,"https://res.cloudinary.com/dxtzqrhns/image/upload/f_auto,q_auto/yumi_kazama-10",https://pbs.twimg.com/media/G6ctKVaaYAABj-1.jpg,true,ภาพโปรโมทจาก X (SFW)
yumi_kazama,Yumi Kazama,11,yumi_kazama-11,"https://res.cloudinary.com/dxtzqrhns/image/upload/f_auto,q_auto/yumi_kazama-11",https://pics.dmm.co.jp/digital/video/achj00073/achj00073jp-4.jpg,true,สตูดิโอพอร์ตเทรต 11A
yumi_kazama,Yumi Kazama,12,yumi_kazama-12,"https://res.cloudinary.com/dxtzqrhns/image/upload/f_auto,q_auto/yumi_kazama-12",https://pics.dmm.co.jp/digital/video/jums00136/jums00136jp-7.jpg,true,พอร์ตเทรตลุคผู้ใหญ่ 13A
yumi_kazama,Yumi Kazama,13,yumi_kazama-13,"https://res.cloudinary.com/dxtzqrhns/image/upload/f_auto,q_auto/yumi_kazama-13",https://pics.dmm.co.jp/digital/video/nask00289/nask00289jp-3.jpg,true,ภาพโปรโมทโทนจริงจัง 14A
yumi_kazama,Yumi Kazama,14,yumi_kazama-14,"https://res.cloudinary.com/dxtzqrhns/image/upload/f_auto,q_auto/yumi_kazama-14",https://pics.dmm.co.jp/digital/video/jur00569/jur00569jp-5.jpg,true,สตูดิโอโปรไฟล์ 16A
yumi_kazama,Yumi Kazama,15,yumi_kazama-15,"https://res.cloudinary.com/dxtzqrhns/image/upload/f_auto,q_auto/yumi_kazama-15",https://pics.dmm.co.jp/digital/video/jufd00630/jufd00630jp-1.jpg,true,ภาพลุคสุภาพ 17A
yumi_kazama,Yumi Kazama,16,yumi_kazama-16,"https://res.cloudinary.com/dxtzqrhns/image/upload/f_auto,q_auto/yumi_kazama-16",https://j.jjj.cam/fanza/yumi-kazama/tywd00062/yumi-kazama-1.jpg,true,พอร์ตเทรตโทนสุภาพ 16B
yumi_kazama,Yumi Kazama,17,yumi_kazama-17,"https://res.cloudinary.com/dxtzqrhns/image/upload/f_auto,q_auto/yumi_kazama-17",https://pics.dmm.co.jp/digital/video/jur00534/jur00534jp-4.jpg,true,ภาพโปรไฟล์กล้องสตูดิโอ 18A
yumi_kazama,Yumi Kazama,18,yumi_kazama-18,"https://res.cloudinary.com/dxtzqrhns/image/upload/f_auto,q_auto/yumi_kazama-18",https://pics.dmm.co.jp/digital/video/mdon00086/mdon00086jp-7.jpg,true,ภาพพอร์ตเทรตโทนอุ่น 19A
yumi_kazama,Yumi Kazama,19,yumi_kazama-19,"https://res.cloudinary.com/dxtzqrhns/image/upload/f_auto,q_auto/yumi_kazama-19",https://pics.dmm.co.jp/digital/video/lzbs00123/lzbs00123jp-3.jpg,true,ภาพพอร์ตเทรตโทนมืออาชีพ 21A
yumi_kazama,Yumi Kazama,20,yumi_kazama-20,"https://res.cloudinary.com/dxtzqrhns/image/upload/f_auto,q_auto/yumi_kazama-20",https://pics.dmm.co.jp/digital/video/bijc00024/bijc00024jp-10.jpg,true,ภาพโปรโมทโทนคลาสสิก 25A
touka_rinne,Touka Rinne,1,touka_rinne-01,"https://res.cloudinary.com/dxtzqrhns/image/upload/f_auto,q_auto/touka_rinne-01",https://pbs.twimg.com/media/Gp7V3HMawAECXAk?format=jpg&name=orig,true,ยูคาตะลายดอกไม้โทนอุ่น (SFW)
touka_rinne,Touka Rinne,2,touka_rinne-02,"https://res.cloudinary.com/dxtzqrhns/image/upload/f_auto,q_auto/touka_rinne-02",https://i.namu.wiki/i/Tjku4K1zreWixcN205K7ig7VAEjaU-QoUVP5gu1e4lgfftYxvTCsLehhghZtTHwUSE7kI220-AWV3IMd8_aWEA.webp,true,ยืนโพสในชุดยูคาตะเต็มตัว (SFW)
touka_rinne,Touka Rinne,3,touka_rinne-03,"https://res.cloudinary.com/dxtzqrhns/image/upload/f_auto,q_auto/touka_rinne-03",https://pbs.twimg.com/media/Gp7V3HNaIAAIQag?format=jpg&name=orig,true,พอร์ตเทรตกลางแจ้งโทนอ่อน (SFW)
touka_rinne,Touka Rinne,4,touka_rinne-04,"https://res.cloudinary.com/dxtzqrhns/image/upload/f_auto,q_auto/touka_rinne-04",https://encrypted-tbn0.gstatic.com/images?q=tbn:ANd9GcTZGwoCQIBnxTc3slXv06Xg1uUjPS099pgRcubZbrH2VHxllHk8J8n8_xE&s=10,true,เดินเล่นริมทะเลสาบในกระโปรงแดง (SFW)
touka_rinne,Touka Rinne,5,touka_rinne-05,"https://res.cloudinary.com/dxtzqrhns/image/upload/f_auto,q_auto/touka_rinne-05",https://hosonhanvat.net/wp-content/uploads/2021/08/touka-rinne-12.jpg,true,พอร์ตเทรตเดบิวต์ในสตูดิโอ (SFW)
touka_rinne,Touka Rinne,6,touka_rinne-06,"https://res.cloudinary.com/dxtzqrhns/image/upload/f_auto,q_auto/touka_rinne-06",https://i0.hdslb.com/bfs/article/watermark/954a89223314322269cb32d554ef544a78d0e801.png,true,ลุคบอดี้สูทสีดำเท่ ๆ (SFW)
touka_rinne,Touka Rinne,7,touka_rinne-07,"https://res.cloudinary.com/dxtzqrhns/image/upload/f_auto,q_auto/touka_rinne-07",https://i0.hdslb.com/bfs/article/watermark/2b5a4b2d40f6b97466b741e7f7a41d3ce13e45ec.png,true,ยืนในลำธารน้ำใสท่ามกลางธรรมชาติ (SFW)
touka_rinne,Touka Rinne,8,touka_rinne-08,"https://res.cloudinary.com/dxtzqrhns/image/upload/f_auto,q_auto/touka_rinne-08",https://i0.hdslb.com/bfs/article/watermark/3f7d63949bf8f6c9d525bab7049fa8fd8f0207bf.png,true,สนทนาในห้องรับแขก (SFW)
touka_rinne,Touka Rinne,9,touka_rinne-09,"https://res.cloudinary.com/dxtzqrhns/image/upload/f_auto,q_auto/touka_rinne-09",https://i0.hdslb.com/bfs/article/205e51502887a7b1af8aa3ff5f637c101c2f0145.jpg,true,ลุคเสื้อฟ้า–กระโปรงลายดอก (SFW)
touka_rinne,Touka Rinne,10,touka_rinne-10,"https://res.cloudinary.com/dxtzqrhns/image/upload/f_auto,q_auto/touka_rinne-10",https://i0.hdslb.com/bfs/article/896096448c59b26f52cff8dd83a0852e739f6c5d.jpg,true,มุม横หน้าด้วยสูทสีอ่อน (SFW)
touka_rinne,Touka Rinne,11,touka_rinne-11,"https://res.cloudinary.com/dxtzqrhns/image/upload/f_auto,q_auto/touka_rinne-11",https://cdn-vr.sexlikereal.com/images/7874/vr-porn-Touka-Rinne-Huge-Tits-Blowjob-Leads-to-Creampie-Sex-Part--50881-original.webp,true,ภาพโปรโมทสตูดิโอโทนเข้ม (SFW)
touka_rinne,Touka Rinne,12,touka_rinne-12,"https://res.cloudinary.com/dxtzqrhns/image/upload/f_auto,q_auto/touka_rinne-12",https://cdn-1.ggjav.com/media/preview/166732_4.jpg,true,ภาพโปรโมทในห้อง – ระยะกลาง (SFW)
touka_rinne,Touka Rinne,13,touka_rinne-13,"https://res.cloudinary.com/dxtzqrhns/image/upload/f_auto,q_auto/touka_rinne-13",https://pics.dmm.co.jp/digital/video/rvr00025/rvr00025jp-2.jpg,true,ภาพปกโปรโมทจาก DMM – ใบหน้าชัดเจน (SFW)
touka_rinne,Touka Rinne,14,touka_rinne-14,"https://res.cloudinary.com/dxtzqrhns/image/upload/f_auto,q_auto/touka_rinne-14",https://pics.dmm.co.jp/digital/video/ssni00163/ssni00163jp-3.jpg,true,ภาพโปรโมทแนวแฟชั่นเซ็ต (SFW)
touka_rinne,Touka Rinne,15,touka_rinne-15,"https://res.cloudinary.com/dxtzqrhns/image/upload/f_auto,q_auto/touka_rinne-15",https://pics.dmm.co.jp/digital/video/ssni00188/ssni00188jp-4.jpg,true,ภาพโปรโมทในห้อง – โทนสว่าง (SFW)
touka_rinne,Touka Rinne,16,touka_rinne-16,"https://res.cloudinary.com/dxtzqrhns/image/upload/f_auto,q_auto/touka_rinne-16",https://pics.dmm.co.jp/digital/video/ssni00188/ssni00188jp-6.jpg,true,ภาพโปรโมทมุมอื่นจากชุดเดียวกัน (SFW)
touka_rinne,Touka Rinne,17,touka_rinne-17,"https://res.cloudinary.com/dxtzqrhns/image/upload/f_auto,q_auto/touka_rinne-17",https://pics.dmm.co.jp/digital/video/ssni00214/ssni00214jp-2.jpg,true,ภาพโปรโมทโทนอบอุ่น (SFW)
touka_rinne,Touka Rinne,18,touka_rinne-18,"https://res.cloudinary.com/dxtzqrhns/image/upload/f_auto,q_auto/touka_rinne-18",https://pics.dmm.co.jp/digital/video/ssni00214/ssni00214jp-5.jpg,true,ภาพโปรโมทมุมระยะไกลขึ้น (SFW)
touka_rinne,Touka Rinne,19,touka_rinne-19,"https://res.cloudinary.com/dxtzqrhns/image/upload/f_auto,q_auto/touka_rinne-19",https://pics.dmm.co.jp/digital/video/ssni00237/ssni00237jp-1.jpg,true,ภาพโปรโมทโทนสดใส (SFW)
touka_rinne,Touka Rinne,20,touka_rinne-20,"https://res.cloudinary.com/dxtzqrhns/image/upload/f_auto,q_auto/touka_rinne-20",https://pics.dmm.co.jp/digital/video/ssni00237/ssni00237jp-7.jpg,true,ภาพโปรโมทมุมใกล้จากชุดเดียวกัน (SFW)
touka_rinne,Touka Rinne,21,touka_rinne-21,"https://res.cloudinary.com/dxtzqrhns/image/upload/f_auto,q_auto/touka_rinne-21",https://pics.dmm.co.jp/digital/video/ssni00263/ssni00263jp-3.jpg,true,ภาพโปรโมทในห้องโทนนุ่มนวล (SFW)
touka_rinne,Touka Rinne,22,touka_rinne-22,"https://res.cloudinary.com/dxtzqrhns/image/upload/f_auto,q_auto/touka_rinne-22",https://pics.dmm.co.jp/digital/video/ssni00263/ssni00263jp-8.jpg,true,ภาพโปรโมทมุมอื่นในชุดเดียวกัน (SFW)
touka_rinne,Touka Rinne,23,touka_rinne-23,"https://res.cloudinary.com/dxtzqrhns/image/upload/f_auto,q_auto/touka_rinne-23",https://pics.dmm.co.jp/digital/video/pred00149/pred00149jp-4.jpg,true,ภาพโปรโมทโทนคอนทราสต์สูง (SFW)
touka_rinne,Touka Rinne,24,touka_rinne-24,"https://res.cloudinary.com/dxtzqrhns/image/upload/f_auto,q_auto/touka_rinne-24",https://pics.dmm.co.jp/digital/video/pred00149/pred00149jp-9.jpg,true,ภาพโปรโมทต่อเนื่องจากชุดเดียวกัน (SFW)
touka_rinne,Touka Rinne,25,touka_rinne-25,"https://res.cloudinary.com/dxtzqrhns/image/upload/f_auto,q_auto/touka_rinne-25",https://pics.dmm.co.jp/digital/video/pppd00715/pppd00715jp-1.jpg,true,ภาพปกโปรโมทโทนเข้ม (SFW)
touka_rinne,Touka Rinne,26,touka_rinne-26,"https://res.cloudinary.com/dxtzqrhns/image/upload/f_auto,q_auto/touka_rinne-26",https://imggen.eporner.com/12062724/1280/720/10.jpg,true,ภาพโปรโมทกลางแจ้งมุมก้ม (SFW)
touka_rinne,Touka Rinne,27,touka_rinne-27,"https://res.cloudinary.com/dxtzqrhns/image/upload/f_auto,q_auto/touka_rinne-27",https://encrypted-tbn0.gstatic.com/images?q=tbn:ANd9GcTRer-MrWVgfwiEeBmLcZDWOfVFG2JvigtoLL161H-YkMQlg1lvViG-YMt8&s=10,true,พอร์ตเทรตกลางแจ้ง – ทรงผมปล่อยยาว (SFW)
touka_rinne,Touka Rinne,28,touka_rinne-28,"https://res.cloudinary.com/dxtzqrhns/image/upload/f_auto,q_auto/touka_rinne-28",https://j.uuu.cam/fanza/touka-rinne/pred00380/touka-rinne-1.jpg,true,ภาพโปรโมทโทนอบอุ่นในห้อง (SFW)
touka_rinne,Touka Rinne,29,touka_rinne-29,"https://res.cloudinary.com/dxtzqrhns/image/upload/f_auto,q_auto/touka_rinne-29",https://j.uuu.cam/fanza/touka-rinne/pppd00754/touka-rinne-2.jpg,true,ภาพโปรโมทสตูดิโอ – มุมใกล้ (SFW)
touka_rinne,Touka Rinne,30,touka_rinne-30,"https://res.cloudinary.com/dxtzqrhns/image/upload/f_auto,q_auto/touka_rinne-30",https://j.uuu.cam/fanza/touka-rinne/172xrw00809/touka-rinne-19.jpg,true,ภาพโปรโมทนอกสถานที่ – โทนสดใส (SFW)
chisato_shoda,Chisato Shoda,1,chisato_shoda-01,"https://res.cloudinary.com/dxtzqrhns/image/upload/f_auto,q_auto/chisato_shoda-01",https://i0.hdslb.com/bfs/article/2456c9c9ba577af1b370831162605e1e4a0e1349.jpg,true,พอร์ตเทรตโทนอุ่นในห้อง (SFW)
chisato_shoda,Chisato Shoda,2,chisato_shoda-02,"https://res.cloudinary.com/dxtzqrhns/image/upload/f_auto,q_auto/chisato_shoda-02",https://i0.hdslb.com/bfs/article/3929dcae3912d0692b3d60b5737d43e8fd51e2a2.jpg,true,นั่งบนโซฟาในเดรสสีไวน์แดง (SFW)
chisato_shoda,Chisato Shoda,3,chisato_shoda-03,"https://res.cloudinary.com/dxtzqrhns/image/upload/f_auto,q_auto/chisato_shoda-03",https://i0.hdslb.com/bfs/article/bca44ea4d0246438bb95e9541840f27c3a4cbcd0.jpg,true,ลุคสูททางการในงานอีเวนต์ (SFW)
chisato_shoda,Chisato Shoda,4,chisato_shoda-04,"https://res.cloudinary.com/dxtzqrhns/image/upload/f_auto,q_auto/chisato_shoda-04",https://img.xsnvshen.com/thumb_600x900/album/10914/11444/017.jpg,true,ยูคาตะลายใบไม้หน้าระเบียง (SFW)
chisato_shoda,Chisato Shoda,5,chisato_shoda-05,"https://res.cloudinary.com/dxtzqrhns/image/upload/f_auto,q_auto/chisato_shoda-05",https://pbs.twimg.com/media/G69tKSxbQAA7Qo-.jpg,true,พอร์ตเทรตระยะกลางในชุดลำลอง (SFW)
chisato_shoda,Chisato Shoda,6,chisato_shoda-06,"https://res.cloudinary.com/dxtzqrhns/image/upload/f_auto,q_auto/chisato_shoda-06",https://pbs.twimg.com/media/G6MK8bUacAEuKrZ.jpg,true,ภาพโปรโมทจาก X – โฟกัสใบหน้า (SFW)
chisato_shoda,Chisato Shoda,7,chisato_shoda-07,"https://res.cloudinary.com/dxtzqrhns/image/upload/f_auto,q_auto/chisato_shoda-07",https://stat.ameba.jp/user_images/20131225/02/mart-idol/30/00/j/t02200330_0427064012791626523.jpg?caw=800,true,งานเปิดตัวโฟโต้บุ๊กในแจ็กเก็ตหนัง (SFW)
chisato_shoda,Chisato Shoda,8,chisato_shoda-08,"https://res.cloudinary.com/dxtzqrhns/image/upload/f_auto,q_auto/chisato_shoda-08",https://stat.ameba.jp/user_images/20131225/02/mart-idol/39/ae/j/t02200330_0427064012791626519.jpg?caw=800,true,เดรสแดงในงานอีเวนต์พร้อมช่อดอกไม้ (SFW)
chisato_shoda,Chisato Shoda,9,chisato_shoda-09,"https://res.cloudinary.com/dxtzqrhns/image/upload/f_auto,q_auto/chisato_shoda-09",https://stat.ameba.jp/user_images/20131129/19/mart-idol/54/07/j/t02200307_0286039912764970154.jpg?caw=800,true,ปกโฟโต้บุ๊กโคลสอัปใบหน้า (SFW)
chisato_shoda,Chisato Shoda,10,chisato_shoda-10,"https://res.cloudinary.com/dxtzqrhns/image/upload/f_auto,q_auto/chisato_shoda-10",https://img00.deviantart.net/a384/i/2016/188/6/9/chisato_shoda_by_sipahilancer-da92zfh.jpg,true,ลุคเดรสดำกับหมวกตาข่าย (SFW)
chisato_shoda,Chisato Shoda,11,chisato_shoda-11,"https://res.cloudinary.com/dxtzqrhns/image/upload/f_auto,q_auto/chisato_shoda-11",https://pics.dmm.co.jp/digital/video/atid00652/atid00652jp-5.jpg,true,ภาพโปรโมทกองถ่าย – โทนจริงจัง (SFW)
chisato_shoda,Chisato Shoda,12,chisato_shoda-12,"https://res.cloudinary.com/dxtzqrhns/image/upload/f_auto,q_auto/chisato_shoda-12",https://pics.dmm.co.jp/digital/video/bonu00043/bonu00043jp-4.jpg,true,ภาพโปรโมทแนวพอร์ตเทรต (SFW)
chisato_shoda,Chisato Shoda,13,chisato_shoda-13,"https://res.cloudinary.com/dxtzqrhns/image/upload/f_auto,q_auto/chisato_shoda-13",https://pics.dmm.co.jp/digital/video/aukg00636/aukg00636jp-2.jpg,true,ภาพโปรโมทในห้อง – มุมระยะกลาง (SFW)
chisato_shoda,Chisato Shoda,14,chisato_shoda-14,"https://res.cloudinary.com/dxtzqrhns/image/upload/f_auto,q_auto/chisato_shoda-14",https://pics.dmm.co.jp/digital/video/venx00342/venx00342jp-7.jpg,true,ภาพโปรโมทสตูดิโอ – ใบหน้าชัดเจน (SFW)
chisato_shoda,Chisato Shoda,15,chisato_shoda-15,"https://res.cloudinary.com/dxtzqrhns/image/upload/f_auto,q_auto/chisato_shoda-15",https://pics.dmm.co.jp/digital/video/jdl00113/jdl00113jp-3.jpg,true,ภาพโปรโมทโทนอบอุ่น (SFW)
chisato_shoda,Chisato Shoda,16,chisato_shoda-16,"https://res.cloudinary.com/dxtzqrhns/image/upload/f_auto,q_auto/chisato_shoda-16",https://pics.dmm.co.jp/digital/video/sgm00060/sgm00060jp-6.jpg,true,ภาพโปรโมทแนวแฟชั่นเรียบง่าย (SFW)
chisato_shoda,Chisato Shoda,17,chisato_shoda-17,"https://res.cloudinary.com/dxtzqrhns/image/upload/f_auto,q_auto/chisato_shoda-17",https://pics.dmm.co.jp/digital/video/bjd00055/bjd00055jp-7.jpg,true,ภาพโปรโมทกองถ่าย – โทนเข้ม (SFW)
chisato_shoda,Chisato Shoda,18,chisato_shoda-18,"https://res.cloudinary.com/dxtzqrhns/image/upload/f_auto,q_auto/chisato_shoda-18",https://encrypted-tbn0.gstatic.com/images?q=tbn:ANd9GcQZI8ET_1-2pEzAeah3o8QFWGUepOIA1foUCv3C7r4WXR04ub3WWeacAHI&s=10,true,ภาพพอร์ตเทรตกลางแจ้ง/นอกสถานที่ (SFW)
chisato_shoda,Chisato Shoda,19,chisato_shoda-19,"https://res.cloudinary.com/dxtzqrhns/image/upload/f_auto,q_auto/chisato_shoda-19",https://encrypted-tbn0.gstatic.com/images?q=tbn:ANd9GcSvXOOnYZVfDpG-y6fShOckHKUvj5_YRmybPCfSHd9zuy4SRKxDCNUoty8&s=10,true,ภาพพอร์ตเทรตโทนสว่าง (SFW)
chisato_shoda,Chisato Shoda,20,chisato_shoda-20,"https://res.cloudinary.com/dxtzqrhns/image/upload/f_auto,q_auto/chisato_shoda-20",https://www.gravurefit.com/images/fanzawebp/savr/savr00595jp-4.webp,true,ภาพโปรโมทโฟโต้ช็อต – โทนแฟชั่น (SFW)
sumire_mizukawa,Sumire Mizukawa,1,sumire_mizukawa-01,"https://res.cloudinary.com/dxtzqrhns/image/upload/f_auto,q_auto/sumire_mizukawa-01",https://pbs.twimg.com/media/G1JCFJbaQAEtZnd.jpg,true,พอร์ตเทรตโทนจริงจัง (SFW)
sumire_mizukawa,Sumire Mizukawa,2,sumire_mizukawa-02,"https://res.cloudinary.com/dxtzqrhns/image/upload/f_auto,q_auto/sumire_mizukawa-02",https://image.tmdb.org/t/p/original/jawLsNySYKufKjmNEzYP7nN04Cw.jpg,true,ผมบ็อบสีน้ำตาลอ่อนลุคคุณหนู (SFW)
sumire_mizukawa,Sumire Mizukawa,3,sumire_mizukawa-03,"https://res.cloudinary.com/dxtzqrhns/image/upload/f_auto,q_auto/sumire_mizukawa-03",https://image.nima3.com/profile/hLehniBTV7jfNV0dSWxehtDALtb.jpg,true,โปรไฟล์เสื้อเขียวมิ้นต์ (SFW)
sumire_mizukawa,Sumire Mizukawa,4,sumire_mizukawa-04,"https://res.cloudinary.com/dxtzqrhns/image/upload/f_auto,q_auto/sumire_mizukawa-04",https://pbs.twimg.com/media/G6ufUpRa0AEE4tO.jpg,true,พอร์ตเทรตใกล้ใบหน้า (SFW)
sumire_mizukawa,Sumire Mizukawa,5,sumire_mizukawa-05,"https://res.cloudinary.com/dxtzqrhns/image/upload/f_auto,q_auto/sumire_mizukawa-05",https://pbs.twimg.com/media/G6ufUpSa0AIzcN2.jpg,true,ภาพโปรไฟล์โทนสุภาพ (SFW)
sumire_mizukawa,Sumire Mizukawa,6,sumire_mizukawa-06,"https://res.cloudinary.com/dxtzqrhns/image/upload/f_auto,q_auto/sumire_mizukawa-06",https://pbs.twimg.com/media/G6nORkPbMAAlSaI.jpg,true,แฟชั่นลุคเรียบง่าย (SFW)
sumire_mizukawa,Sumire Mizukawa,7,sumire_mizukawa-07,"https://res.cloudinary.com/dxtzqrhns/image/upload/f_auto,q_auto/sumire_mizukawa-07",https://pbs.twimg.com/media/G5PnxW9aoAAblP8.jpg,true,พอร์ตเทรตระยะกลาง (SFW)
sumire_mizukawa,Sumire Mizukawa,8,sumire_mizukawa-08,"https://res.cloudinary.com/dxtzqrhns/image/upload/f_auto,q_auto/sumire_mizukawa-08",https://image.nima3.com/backdrops/k633x8Oc1fq2.jpg,true,ลุคลำลองบนบันได (SFW)
sumire_mizukawa,Sumire Mizukawa,9,sumire_mizukawa-09,"https://res.cloudinary.com/dxtzqrhns/image/upload/f_auto,q_auto/sumire_mizukawa-09",https://image.nima3.com/backdrops/30vY9B1S6FR6.jpg,true,แฟชั่นยีนส์ลำลอง (SFW)
sumire_mizukawa,Sumire Mizukawa,10,sumire_mizukawa-10,"https://res.cloudinary.com/dxtzqrhns/image/upload/f_auto,q_auto/sumire_mizukawa-10",https://pds.exblog.jp/pds/1/201911/04/85/c0215885_12294337.jpg,true,ภาพอีเวนต์บูธงานรถยนต์ (SFW)
sumire_mizukawa,Sumire Mizukawa,11,sumire_mizukawa-11,"https://res.cloudinary.com/dxtzqrhns/image/upload/f_auto,q_auto/sumire_mizukawa-11",https://pbs.twimg.com/media/G2Ujo0qbgAABkdn.jpg,true,ภาพพอร์ตเทรตโทนอุ่นระยะกลาง (SFW)
sumire_mizukawa,Sumire Mizukawa,12,sumire_mizukawa-12,"https://res.cloudinary.com/dxtzqrhns/image/upload/f_auto,q_auto/sumire_mizukawa-12",https://pics.dmm.co.jp/digital/video/fstu00020/fstu00020jp-2.jpg,true,ภาพโปรโมทกองถ่าย – โทนจริงจัง (SFW)
sumire_mizukawa,Sumire Mizukawa,13,sumire_mizukawa-13,"https://res.cloudinary.com/dxtzqrhns/image/upload/f_auto,q_auto/sumire_mizukawa-13",https://pics.dmm.co.jp/digital/video/pxvr00337/pxvr00337jp-4.jpg,true,ภาพโปรโมท – ใบหน้าชัดเจน (SFW)
sumire_mizukawa,Sumire Mizukawa,14,sumire_mizukawa-14,"https://res.cloudinary.com/dxtzqrhns/image/upload/f_auto,q_auto/sumire_mizukawa-14",https://pics.dmm.co.jp/digital/video/pxvr00337/pxvr00337jp-6.jpg,true,ภาพโปรโมทแนวแฟชั่นเรียบง่าย (SFW)
sumire_mizukawa,Sumire Mizukawa,15,sumire_mizukawa-15,"https://res.cloudinary.com/dxtzqrhns/image/upload/f_auto,q_auto/sumire_mizukawa-15",https://pbs.twimg.com/media/G4TuweUakAAO7Jr.jpg,true,ภาพพอร์ตเทรตนอกสถานที่ (SFW)
sumire_mizukawa,Sumire Mizukawa,16,sumire_mizukawa-16,"https://res.cloudinary.com/dxtzqrhns/image/upload/f_auto,q_auto/sumire_mizukawa-16",https://pics.dmm.co.jp/digital/video/juq00916/juq00916jp-5.jpg,true,ภาพโปรโมทกองถ่าย – ใบหน้าคมชัด (SFW)
sumire_mizukawa,Sumire Mizukawa,17,sumire_mizukawa-17,"https://res.cloudinary.com/dxtzqrhns/image/upload/f_auto,q_auto/sumire_mizukawa-17",https://pics.dmm.co.jp/digital/video/umso00561/umso00561jp-6.jpg,true,ภาพโปรโมทสตูดิโอ – โทนสุภาพ (SFW)
sumire_mizukawa,Sumire Mizukawa,18,sumire_mizukawa-18,"https://res.cloudinary.com/dxtzqrhns/image/upload/f_auto,q_auto/sumire_mizukawa-18",https://pics.dmm.co.jp/digital/video/juq00781/juq00781jp-9.jpg,true,ภาพโปรโมท – มุมระยะกลาง (SFW)
sumire_mizukawa,Sumire Mizukawa,19,sumire_mizukawa-19,"https://res.cloudinary.com/dxtzqrhns/image/upload/f_auto,q_auto/sumire_mizukawa-19",https://pics.dmm.co.jp/digital/video/juq00765/juq00765jp-7.jpg,true,ภาพโปรโมท – โทนแสงจัดจ้าน (SFW)
sumire_mizukawa,Sumire Mizukawa,20,sumire_mizukawa-20,"https://res.cloudinary.com/dxtzqrhns/image/upload/f_auto,q_auto/sumire_mizukawa-20",https://pics.dmm.co.jp/digital/video/gvh00765/gvh00765jp-8.jpg,true,ภาพโปรโมท – โทนเข้ม (SFW)